<?xml version="1.0" encoding="UTF-8" standalone="yes"?>
<addon id="repository.sonami" name="Korea Olympic" version="1.0.1" provider-name="sonami">
	<extension point="xbmc.addon.repository" name="Korea Olympic Repository">
		<dir>
			<info compressed="false">https://raw.githubusercontent.com/projectdhs/korea-olympic/master/kodi-19/addons.xml</info>
			<checksum>https://raw.githubusercontent.com/projectdhs/korea-olympic/master/kodi-19/addons.xml.md5</checksum>
			<datadir zip="true">https://raw.githubusercontent.com/projectdhs/korea-olympic/master/kodi-19</datadir>
		</dir>
	</extension>
	<extension point="xbmc.addon.metadata">
		<summary>Korea Olympic</summary>
		<description>Korea Olympic repo for KODI 21</description>
		<disclaimer></disclaimer>
		<platform>all</platform>
		<assets>
			<icon>icon.jpg</icon>
		</assets>
	</extension>
</addon>