<?xml version="1.0" encoding="UTF-8" standalone="yes"?>
<addon id="plugin.video.kpiclive"
	   version="1.0.2"
	   name="Korea Olympic Live"
	   provider-name="sonami">
<requires>
  <import addon="xbmc.python" version="3.0.0"/>
  <import addon="script.module.requests" version="2.22.0"/>
</requires>
<extension point="xbmc.python.pluginsource" library="main.py">
  <provides>video</provides>
</extension>
<extension point="xbmc.addon.metadata">
  <summary lang="en_GB">Korea Olympic Live Streaming Addon for Kodi V19</summary>
  <summary lang="ko_KR">Korea Olympic Live Streaming Addon for Kodi V19</summary>
  <description lang="en_GB">Enjoy Olympic free in kodi (use in Korea)</description>
  <description lang="ko_KR">Enjoy Olympic free in kodi (use in Korea)</description>
  <assets>
    <icon>icon.png</icon>
  </assets>
</extension>
</addon>
